Organization,Followed On
Capgemini,Mon May 18 17:43:38 UTC 2020
RBN Consultoria e Treinamento,Thu Mar 26 12:50:18 UTC 2020
Bravemind,Thu Feb 20 02:11:21 UTC 2020
Indra,Thu Feb 20 02:09:17 UTC 2020
Wunderman Thompson Portugal,Wed Feb 19 18:31:48 UTC 2020
Mundo da Programação,Sun Jan 26 21:11:35 UTC 2020
Base2 Tecnologia,Tue Nov 12 23:27:20 UTC 2019
SONDA,Sun Nov 10 05:28:31 UTC 2019
Connectdf,Thu Sep 26 01:32:22 UTC 2019
Clube de Vagas,Sun Aug 18 01:28:15 UTC 2019
TradersClub,Sun Aug 04 10:27:02 UTC 2019
DevSquad,Fri Aug 02 11:41:08 UTC 2019
HKL Interactive Media,Tue Jul 30 00:39:47 UTC 2019
Universidade Anhembi Morumbi,Sat Jul 27 12:09:23 UTC 2019
Laureate International Universities,Tue May 14 12:33:19 UTC 2019
Output - Pax Vida,Tue Mar 12 23:06:32 UTC 2019
Basis Tecnologia da Informação S.A.,Thu Nov 01 22:02:43 UTC 2018
Stefanini Brasil,Thu Nov 01 22:01:53 UTC 2018
Faros Educacional,Thu Aug 23 17:20:05 UTC 2018
Spot - Pessoas e Resultados,Mon Jan 22 20:27:16 UTC 2018
DevSquad,Mon Jan 22 10:21:56 UTC 2018
Véli RH Brasil,Fri Jan 19 21:10:22 UTC 2018
LinkedIn Marketing Solutions,Sun Dec 31 11:43:05 UTC 2017
Insert Web,Tue Nov 21 23:10:28 UTC 2017
Hospital da Criança de Brasília José Alencar,Tue Oct 10 15:50:07 UTC 2017
Hospital oftalmológico de Brasília HOB,Thu Aug 31 18:10:45 UTC 2017
ActiveWeb Segurança Digital,Wed Jul 19 18:01:43 UTC 2017
Hospital Santa Luzia - Rede D'Or São Luiz,Tue Oct 10 15:50:01 UTC 2017
Hospital Santa Marta,Mon Jun 26 10:54:17 UTC 2017
Anhanguera Educacional,Tue Sep 06 02:31:44 UTC 2016
Google,Fri Aug 15 12:33:26 UTC 2014